Date,Time,HomeTeam,HomeGoals,AwayTeam,AwayGoals,GameID
2025-01-25,3:00 pm,Ottawa 67's,5,Kingston Frontenacs,4,27756
2025-01-25,7:00 pm,Erie Otters,3,Kitchener Rangers,4,27754
2025-01-25,7:00 pm,Flint Firebirds,5,Brampton Steelheads,3,27755
2025-01-25,7:00 pm,Owen Sound Attack,5,Sarnia Sting,4,27757
2025-01-25,7:30 pm,Barrie Colts,6,Brantford Bulldogs,3,27753
2025-01-26,2:00 pm,Niagara IceDogs,6,Erie Otters,3,27758
2025-01-26,2:00 pm,North Bay Battalion,3,Sudbury Wolves,2,27759
2025-01-26,2:00 pm,Ottawa 67's,2,Saginaw Spirit,7,27761
2025-01-26,2:07 pm,Soo Greyhounds,3,London Knights,7,27762
2025-01-26,4:05 pm,Windsor Spitfires,5,Brampton Steelheads,2,27763
2025-01-26,6:05 pm,Oshawa Generals,1,Guelph Storm,6,27760
2025-01-29,7:00 pm,Owen Sound Attack,3,Erie Otters,4,27764
2025-01-29,7:07 pm,Soo Greyhounds,4,Kitchener Rangers,5,27765
2025-01-30,7:00 pm,Barrie Colts,5,Ottawa 67's,3,27766
2025-01-30,7:00 pm,North Bay Battalion,2,Brantford Bulldogs,3,27767
2025-01-30,7:05 pm,Peterborough Petes,3,Brampton Steelheads,4,27768
2025-01-30,7:05 pm,Saginaw Spirit,5,Kingston Frontenacs,9,27769
2025-01-30,7:05 pm,Windsor Spitfires,1,Flint Firebirds,5,27770
2025-01-31,7:00 pm,Brampton Steelheads,4,Peterborough Petes,5,27771
2025-01-31,7:00 pm,Flint Firebirds,2,Kitchener Rangers,3,27772
2025-01-31,7:00 pm,London Knights,4,Erie Otters,2,27774
2025-01-31,7:05 pm,Oshawa Generals,3,Barrie Colts,2,27775
2025-01-31,7:05 pm,Sudbury Wolves,8,North Bay Battalion,3,27777
2025-01-31,7:07 pm,Guelph Storm,3,Sarnia Sting,4,27773
2025-01-31,7:07 pm,Soo Greyhounds,4,Brantford Bulldogs,6,27776
2025-02-01,4:00 pm,Owen Sound Attack,3,Ottawa 67's,1,27780
2025-02-01,7:00 pm,Flint Firebirds,4,Kingston Frontenacs,7,27779
2025-02-01,7:05 pm,Peterborough Petes,3,Oshawa Generals,2,27781
2025-02-01,7:05 pm,Saginaw Spirit,5,Kitchener Rangers,4,27782
2025-02-01,7:05 pm,Sarnia Sting,4,Erie Otters,1,27783
2025-02-01,7:30 pm,Barrie Colts,7,Niagara IceDogs,6,27778
2025-02-02,1:00 pm,North Bay Battalion,4,Niagara IceDogs,3,27785
2025-02-02,2:00 pm,Owen Sound Attack,5,Brampton Steelheads,3,27786
2025-02-02,2:05 pm,Sudbury Wolves,3,Brantford Bulldogs,9,27789
2025-02-02,2:07 pm,Guelph Storm,3,Ottawa 67's,4,27784
2025-02-02,4:00 pm,Sarnia Sting,2,Kingston Frontenacs,4,27788
2025-02-02,5:30 pm,Saginaw Spirit,5,Soo Greyhounds,2,27787
2025-02-02,7:00 pm,Windsor Spitfires,4,London Knights,3,27790
2025-02-04,11:00 am,Erie Otters,4,Guelph Storm,3,27791
2025-02-04,6:30 pm,London Knights,5,Kitchener Rangers,3,27792
2025-02-04,7:00 pm,Barrie Colts,3,Kingston Frontenacs,2,27678
2025-02-05,7:00 pm,Brantford Bulldogs,2,Sudbury Wolves,1,27793
2025-02-05,7:00 pm,Ottawa 67's,1,Oshawa Generals,8,27794
2025-02-05,7:05 pm,Windsor Spitfires,3,Saginaw Spirit,6,27795
2025-02-06,7:00 pm,North Bay Battalion,4,Soo Greyhounds,7,27796
2025-02-06,7:05 pm,Peterborough Petes,2,Flint Firebirds,7,27797
2025-02-07,7:00 pm,Brampton Steelheads,10,Erie Otters,3,27798
2025-02-07,7:00 pm,Brantford Bulldogs,4,Saginaw Spirit,2,27799
2025-02-07,7:00 pm,Kingston Frontenacs,3,Flint Firebirds,1,27801
2025-02-07,7:00 pm,Kitchener Rangers,4,Owen Sound Attack,3,27802
2025-02-07,7:00 pm,London Knights,3,Peterborough Petes,1,27803
2025-02-07,7:00 pm,Niagara IceDogs,3,Sudbury Wolves,7,27804
2025-02-07,7:05 pm,Oshawa Generals,5,Ottawa 67's,2,27805
2025-02-07,7:05 pm,Windsor Spitfires,7,Sarnia Sting,2,27806
2025-02-07,7:07 pm,Guelph Storm,5,North Bay Battalion,4,27800
2025-02-08,4:00 pm,Brampton Steelheads,6,Kingston Frontenacs,0,27808
2025-02-08,7:00 pm,Erie Otters,7,Sudbury Wolves,4,27809
2025-02-08,7:00 pm,Niagara IceDogs,1,Kitchener Rangers,9,27811
2025-02-08,7:00 pm,Owen Sound Attack,4,North Bay Battalion,1,27812
2025-02-08,7:05 pm,Sarnia Sting,2,Peterborough Petes,3,27813
2025-02-08,7:05 pm,Windsor Spitfires,3,Brantford Bulldogs,2,27814
2025-02-08,7:07 pm,Guelph Storm,7,Saginaw Spirit,10,27810
2025-02-08,7:30 pm,Barrie Colts,4,Soo Greyhounds,2,27807
2025-02-09,2:00 pm,Ottawa 67's,2,Flint Firebirds,5,27816
2025-02-09,2:00 pm,Owen Sound Attack,2,Kingston Frontenacs,4,27817
2025-02-09,2:05 pm,Oshawa Generals,6,Soo Greyhounds,0,27815
2025-02-11,7:00 pm,Kitchener Rangers,3,Oshawa Generals,4,27818
2025-02-12,7:00 pm,Erie Otters,2,Niagara IceDogs,1,27819
2025-02-12,7:00 pm,Ottawa 67's,3,Peterborough Petes,0,27820
2025-02-12,7:05 pm,Sarnia Sting,3,Guelph Storm,4,27822
2025-02-12,7:05 pm,Sudbury Wolves,3,Brampton Steelheads,7,27823
2025-02-12,7:07 pm,Soo Greyhounds,4,Saginaw Spirit,8,27821
2025-02-13,7:00 pm,Barrie Colts,4,London Knights,8,27824
2025-02-13,7:00 pm,North Bay Battalion,4,Brampton Steelheads,2,27825
2025-02-13,7:05 pm,Windsor Spitfires,8,Sarnia Sting,2,27827
2025-02-14,7:00 pm,Brantford Bulldogs,10,Niagara IceDogs,1,27828
2025-02-14,7:00 pm,Flint Firebirds,2,Sudbury Wolves,3,27829
2025-02-14,7:00 pm,Kingston Frontenacs,4,Kitchener Rangers,2,27831
2025-02-14,7:00 pm,London Knights,7,Soo Greyhounds,3,27832
2025-02-14,7:00 pm,Owen Sound Attack,8,Erie Otters,5,27833
2025-02-14,7:05 pm,Saginaw Spirit,3,Windsor Spitfires,2,27834
2025-02-14,7:05 pm,Peterborough Petes,1,Ottawa 67's,4,28042
2025-02-14,7:07 pm,Guelph Storm,5,Oshawa Generals,7,27830
2025-02-15,7:00 pm,Owen Sound Attack,3,Erie Otters,4,27838
2025-02-15,7:05 pm,Oshawa Generals,2,Brampton Steelheads,4,27837
2025-02-15,7:05 pm,Peterborough Petes,3,Kingston Frontenacs,2,27839
2025-02-15,7:05 pm,Saginaw Spirit,8,Sudbury Wolves,3,27840
2025-02-15,7:05 pm,Sarnia Sting,1,Soo Greyhounds,3,27841
2025-02-15,7:30 pm,Barrie Colts,4,North Bay Battalion,5,27835
2025-02-16,2:00 pm,Niagara IceDogs,4,Brantford Bulldogs,5,27842
2025-02-16,2:00 pm,Ottawa 67's,1,Kitchener Rangers,5,27843
2025-02-17,2:00 pm,Brampton Steelheads,6,Niagara IceDogs,0,27844
2025-02-17,2:00 pm,Brantford Bulldogs,8,Soo Greyhounds,6,27845
2025-02-17,2:00 pm,London Knights,4,Flint Firebirds,1,27848
2025-02-17,2:00 pm,Ottawa 67's,2,North Bay Battalion,3,27850
2025-02-17,2:05 pm,Oshawa Generals,2,Erie Otters,1,27849
2025-02-17,2:05 pm,Sarnia Sting,3,Saginaw Spirit,7,27852
2025-02-17,2:05 pm,Windsor Spitfires,4,Owen Sound Attack,1,27853
2025-02-17,2:07 pm,Guelph Storm,7,Sudbury Wolves,6,27846
2025-02-17,3:05 pm,Peterborough Petes,5,Kitchener Rangers,3,27851
2025-02-18,7:00 pm,Kingston Frontenacs,6,Barrie Colts,4,27847
2025-02-19,7:00 pm,Brampton Steelheads,4,Oshawa Generals,2,27854
2025-02-20,7:00 pm,Barrie Colts,1,Owen Sound Attack,5,27855
2025-02-20,7:05 pm,Peterborough Petes,3,Brantford Bulldogs,4,27856
2025-02-20,7:05 pm,Saginaw Spirit,5,North Bay Battalion,1,27857
2025-02-21,7:00 pm,Erie Otters,2,Oshawa Generals,3,27858
2025-02-21,7:00 pm,Flint Firebirds,1,North Bay Battalion,4,27859
2025-02-21,7:00 pm,Kingston Frontenacs,4,Brantford Bulldogs,2,27860
2025-02-21,7:00 pm,Kitchener Rangers,4,Barrie Colts,1,27861
2025-02-21,7:00 pm,London Knights,4,Brampton Steelheads,3,27862
2025-02-21,7:00 pm,Ottawa 67's,6,Niagara IceDogs,2,27863
2025-02-21,7:05 pm,Sarnia Sting,6,Windsor Spitfires,5,27865
2025-02-21,7:05 pm,Sudbury Wolves,8,Owen Sound Attack,1,27866
2025-02-21,7:07 pm,Soo Greyhounds,4,Guelph Storm,3,27864
2025-02-22,4:00 pm,Brampton Steelheads,8,Sudbury Wolves,1,27868
2025-02-22,4:00 pm,Kingston Frontenacs,6,Niagara IceDogs,3,27871
2025-02-22,7:00 pm,Erie Otters,1,London Knights,5,27869
2025-02-22,7:00 pm,Flint Firebirds,5,Windsor Spitfires,4,27870
2025-02-22,7:05 pm,Saginaw Spirit,2,Guelph Storm,5,27872
2025-02-22,7:30 pm,Barrie Colts,4,Peterborough Petes,3,27867
2025-02-23,2:00 pm,Ottawa 67's,1,Brantford Bulldogs,5,27875
2025-02-23,2:05 pm,Sarnia Sting,1,North Bay Battalion,5,27877
2025-02-23,2:07 pm,Soo Greyhounds,3,Owen Sound Attack,4,27876
2025-02-23,4:05 pm,Windsor Spitfires,7,Saginaw Spirit,3,27878
2025-02-23,6:00 pm,London Knights,4,Kitchener Rangers,5,27873
2025-02-23,6:05 pm,Oshawa Generals,5,Kingston Frontenacs,1,27874
2025-02-24,7:00 pm,Erie Otters,1,Flint Firebirds,2,27560
2025-02-25,7:00 pm,Kitchener Rangers,6,Guelph Storm,1,27879
2025-02-25,7:07 pm,Soo Greyhounds,6,North Bay Battalion,3,27556
2025-02-26,6:37 pm,Guelph Storm,4,Barrie Colts,5,27881
2025-02-26,7:00 pm,Owen Sound Attack,5,Niagara IceDogs,1,27681
2025-02-26,7:00 pm,Flint Firebirds,6,Sarnia Sting,2,27880
2025-02-26,7:07 pm,Soo Greyhounds,6,Sudbury Wolves,3,27882
2025-02-27,7:00 pm,Barrie Colts,5,Saginaw Spirit,4,27883
2025-02-27,7:00 pm,Niagara IceDogs,4,Erie Otters,5,27884
2025-02-27,7:00 pm,North Bay Battalion,1,Brampton Steelheads,2,27885
2025-02-27,7:05 pm,Peterborough Petes,1,Windsor Spitfires,7,27886
2025-02-28,7:00 pm,Brantford Bulldogs,5,Oshawa Generals,3,27887
2025-02-28,7:00 pm,Kingston Frontenacs,4,Windsor Spitfires,2,27889
2025-02-28,7:00 pm,Kitchener Rangers,4,Sarnia Sting,3,27890
2025-02-28,7:00 pm,London Knights,9,Owen Sound Attack,1,27891
2025-02-28,7:00 pm,Ottawa 67's,5,North Bay Battalion,2,27892
2025-02-28,7:05 pm,Sudbury Wolves,2,Saginaw Spirit,7,27894
2025-02-28,7:07 pm,Guelph Storm,3,Flint Firebirds,5,27888
2025-02-28,7:07 pm,Soo Greyhounds,3,Brampton Steelheads,6,27893
2025-03-01,7:00 pm,Brantford Bulldogs,4,Peterborough Petes,3,27896
2025-03-01,7:00 pm,Erie Otters,3,Flint Firebirds,6,27897
2025-03-01,7:00 pm,Niagara IceDogs,6,London Knights,4,27898
2025-03-01,7:00 pm,Owen Sound Attack,3,Kitchener Rangers,2,27899
2025-03-01,7:30 pm,Barrie Colts,6,Kingston Frontenacs,3,27895
2025-03-02,2:00 pm,North Bay Battalion,3,Saginaw Spirit,8,27901
2025-03-02,2:00 pm,Ottawa 67's,5,Windsor Spitfires,4,27903
2025-03-02,2:05 pm,Sarnia Sting,3,Guelph Storm,1,27904
2025-03-02,2:05 pm,Sudbury Wolves,3,Brampton Steelheads,2,27905
2025-03-02,4:00 pm,Erie Otters,7,Peterborough Petes,2,27900
2025-03-02,6:05 pm,Oshawa Generals,3,London Knights,4,27902
2025-03-05,11:00 am,Brampton Steelheads,0,Oshawa Generals,4,27906
2025-03-05,7:00 pm,Brantford Bulldogs,0,London Knights,5,27907
2025-03-05,7:00 pm,Flint Firebirds,3,Saginaw Spirit,5,27908
2025-03-05,7:05 pm,Sudbury Wolves,3,Niagara IceDogs,2,27909
2025-03-06,7:00 pm,North Bay Battalion,4,Niagara IceDogs,3,27910
2025-03-06,7:05 pm,Peterborough Petes,4,Ottawa 67's,3,27911
2025-03-06,7:05 pm,Saginaw Spirit,7,Barrie Colts,4,27912
2025-03-06,7:05 pm,Windsor Spitfires,7,Kingston Frontenacs,1,27913
2025-03-07,7:00 pm,Brampton Steelheads,2,North Bay Battalion,0,27914
2025-03-07,7:00 pm,Erie Otters,4,Owen Sound Attack,1,27915
2025-03-07,7:00 pm,Flint Firebirds,2,Brantford Bulldogs,4,27916
2025-03-07,7:00 pm,Kitchener Rangers,7,Windsor Spitfires,4,27918
2025-03-07,7:00 pm,London Knights,3,Kingston Frontenacs,2,27919
2025-03-07,7:05 pm,Sudbury Wolves,5,Oshawa Generals,3,27921
2025-03-07,7:07 pm,Guelph Storm,1,Sarnia Sting,5,27917
2025-03-07,7:07 pm,Soo Greyhounds,2,Barrie Colts,3,27920
2025-03-08,3:00 pm,Ottawa 67's,3,Peterborough Petes,4,27924
2025-03-08,7:00 pm,Erie Otters,7,Owen Sound Attack,3,27922
2025-03-08,7:00 pm,Flint Firebirds,6,Sarnia Sting,2,27923
2025-03-08,7:05 pm,Saginaw Spirit,3,Brantford Bulldogs,11,27926
2025-03-08,7:07 pm,Soo Greyhounds,3,Oshawa Generals,4,27925
2025-03-09,2:00 pm,Kitchener Rangers,4,Guelph Storm,3,27927
2025-03-09,2:00 pm,Niagara IceDogs,3,Kingston Frontenacs,4,27928
2025-03-09,2:00 pm,North Bay Battalion,5,Ottawa 67's,2,27929
2025-03-09,2:05 pm,Sarnia Sting,0,London Knights,9,27930
2025-03-09,2:05 pm,Sudbury Wolves,7,Barrie Colts,2,27931
2025-03-11,7:00 pm,Brampton Steelheads,6,Sudbury Wolves,8,27932
2025-03-11,7:00 pm,London Knights,7,Guelph Storm,3,27933
2025-03-11,7:00 pm,Niagara IceDogs,4,Barrie Colts,7,27934
2025-03-11,7:05 pm,Windsor Spitfires,7,Erie Otters,5,27935
2025-03-12,6:37 pm,Guelph Storm,3,London Knights,6,27936
2025-03-12,7:00 pm,Kingston Frontenacs,7,Ottawa 67's,1,27937
2025-03-12,7:00 pm,Owen Sound Attack,6,Flint Firebirds,3,27938
2025-03-12,7:05 pm,Peterborough Petes,3,Brampton Steelheads,6,27939
2025-03-12,7:05 pm,Sarnia Sting,5,Erie Otters,6,27940
2025-03-13,7:00 pm,North Bay Battalion,1,Brantford Bulldogs,2,27941
2025-03-13,7:05 pm,Windsor Spitfires,6,Soo Greyhounds,3,27942
2025-03-14,7:00 pm,Brampton Steelheads,4,Barrie Colts,1,27943
2025-03-14,7:00 pm,Kingston Frontenacs,8,Peterborough Petes,2,27945
2025-03-14,7:00 pm,Kitchener Rangers,6,North Bay Battalion,0,27946
2025-03-14,7:00 pm,London Knights,3,Saginaw Spirit,1,27947
2025-03-14,7:00 pm,Ottawa 67's,3,Oshawa Generals,2,27948
2025-03-14,7:05 pm,Sarnia Sting,4,Soo Greyhounds,5,27949
2025-03-14,7:05 pm,Sudbury Wolves,1,Brantford Bulldogs,5,27950
2025-03-14,7:07 pm,Guelph Storm,2,Owen Sound Attack,7,27944
2025-03-15,7:00 pm,Erie Otters,2,Niagara IceDogs,5,27952
2025-03-15,7:00 pm,Flint Firebirds,3,Soo Greyhounds,6,27953
2025-03-15,7:00 pm,Owen Sound Attack,2,Kitchener Rangers,3,27954
2025-03-15,7:05 pm,Peterborough Petes,1,Sudbury Wolves,2,27955
2025-03-15,7:05 pm,Saginaw Spirit,6,Windsor Spitfires,5,27956
2025-03-15,7:30 pm,Barrie Colts,4,Sarnia Sting,3,27951
2025-03-16,2:00 pm,Niagara IceDogs,2,Brampton Steelheads,6,27958
2025-03-16,2:00 pm,North Bay Battalion,4,Barrie Colts,5,27959
2025-03-16,2:00 pm,Ottawa 67's,2,Kingston Frontenacs,3,27961
2025-03-16,4:00 pm,Erie Otters,6,Guelph Storm,4,27957
2025-03-16,4:05 pm,Windsor Spitfires,8,London Knights,5,27962
2025-03-16,6:05 pm,Oshawa Generals,3,Sudbury Wolves,2,27960
2025-03-18,7:00 pm,Flint Firebirds,1,Guelph Storm,2,27836
2025-03-18,7:00 pm,Kitchener Rangers,1,London Knights,2,27963
2025-03-19,7:00 pm,Brantford Bulldogs,2,Brampton Steelheads,7,27964
2025-03-19,7:05 pm,Sudbury Wolves,2,Soo Greyhounds,3,27965
2025-03-20,6:37 pm,Guelph Storm,6,Erie Otters,4,27967
2025-03-20,7:00 pm,Barrie Colts,1,Owen Sound Attack,3,27966
2025-03-20,7:00 pm,Niagara IceDogs,1,Ottawa 67's,2,27968
2025-03-20,7:00 pm,North Bay Battalion,5,Oshawa Generals,1,27969
2025-03-20,7:05 pm,Peterborough Petes,2,Kingston Frontenacs,6,27970
2025-03-20,7:05 pm,Windsor Spitfires,5,Sarnia Sting,0,27971
2025-03-21,7:00 pm,Brampton Steelheads,6,Peterborough Petes,1,27972
2025-03-21,7:00 pm,Kingston Frontenacs,0,Brantford Bulldogs,4,27973
2025-03-21,7:00 pm,Kitchener Rangers,3,Owen Sound Attack,2,27974
2025-03-21,7:00 pm,London Knights,6,Windsor Spitfires,2,27975
2025-03-21,7:00 pm,Niagara IceDogs,4,North Bay Battalion,5,27976
2025-03-21,7:05 pm,Sarnia Sting,5,Flint Firebirds,2,27978
2025-03-21,7:05 pm,Sudbury Wolves,1,Oshawa Generals,4,27979
2025-03-21,7:07 pm,Soo Greyhounds,7,Saginaw Spirit,4,27977
2025-03-22,7:00 pm,Erie Otters,1,Ottawa 67's,7,27981
2025-03-22,7:00 pm,Flint Firebirds,6,Saginaw Spirit,3,27982
2025-03-22,7:00 pm,Owen Sound Attack,4,Guelph Storm,2,27983
2025-03-22,7:30 pm,Barrie Colts,8,Niagara IceDogs,1,27980
2025-03-23,2:00 pm,Brampton Steelheads,4,Kingston Frontenacs,1,27984
2025-03-23,2:00 pm,Brantford Bulldogs,7,Ottawa 67's,2,27985
2025-03-23,2:00 pm,North Bay Battalion,4,Sudbury Wolves,0,27988
2025-03-23,2:07 pm,Guelph Storm,2,Kitchener Rangers,0,27987
2025-03-23,2:07 pm,Soo Greyhounds,5,Sarnia Sting,2,27990
2025-03-23,4:00 pm,Erie Otters,6,London Knights,4,27986
2025-03-23,5:30 pm,Saginaw Spirit,9,Flint Firebirds,2,27991
2025-03-23,6:05 pm,Oshawa Generals,5,Peterborough Petes,2,27989
2025-03-27,7:00 pm,Barrie Colts,4,Niagara IceDogs,2,28052
2025-03-27,7:05 pm,Windsor Spitfires,7,Soo Greyhounds,2,28080
2025-03-27,7:05 pm,Saginaw Spirit,5,Erie Otters,8,28094
2025-03-28,7:00 pm,Brantford Bulldogs,6,North Bay Battalion,3,28045
2025-03-28,7:00 pm,Kingston Frontenacs,4,Sudbury Wolves,1,28059
2025-03-28,7:00 pm,London Knights,6,Owen Sound Attack,1,28073
2025-03-28,7:00 pm,Kitchener Rangers,4,Flint Firebirds,3,28087
2025-03-28,7:05 pm,Oshawa Generals,7,Brampton Steelheads,4,28066
2025-03-29,7:05 pm,Windsor Spitfires,7,Soo Greyhounds,1,28081
2025-03-29,7:05 pm,Saginaw Spirit,5,Erie Otters,9,28095
2025-03-30,2:00 pm,Kingston Frontenacs,4,Sudbury Wolves,3,28060
2025-03-30,2:00 pm,London Knights,6,Owen Sound Attack,3,28074
2025-03-30,2:00 pm,Kitchener Rangers,6,Flint Firebirds,1,28088
2025-03-30,6:05 pm,Oshawa Generals,1,Brampton Steelheads,3,28067
2025-03-30,7:00 pm,Brantford Bulldogs,3,North Bay Battalion,0,28046
2025-03-31,7:00 pm,Barrie Colts,7,Niagara IceDogs,5,28053
2025-03-31,7:07 pm,Soo Greyhounds,3,Windsor Spitfires,2,28082
2025-04-01,7:00 pm,North Bay Battalion,3,Brantford Bulldogs,4,28047
2025-04-01,7:00 pm,Niagara IceDogs,6,Barrie Colts,4,28054
2025-04-01,7:00 pm,Brampton Steelheads,5,Oshawa Generals,7,28068
2025-04-01,7:00 pm,Owen Sound Attack,4,London Knights,7,28075
2025-04-01,7:00 pm,Flint Firebirds,2,Kitchener Rangers,0,28089
2025-04-01,7:00 pm,Erie Otters,2,Saginaw Spirit,3,28096
2025-04-01,7:05 pm,Sudbury Wolves,2,Kingston Frontenacs,4,28061
2025-04-02,7:07 pm,Soo Greyhounds,1,Windsor Spitfires,4,28083
2025-04-03,7:00 pm,North Bay Battalion,6,Brantford Bulldogs,3,28048
2025-04-03,7:00 pm,Niagara IceDogs,3,Barrie Colts,6,28055
2025-04-03,7:00 pm,Brampton Steelheads,1,Oshawa Generals,4,28069
2025-04-03,7:00 pm,Owen Sound Attack,4,London Knights,8,28076
2025-04-03,7:00 pm,Flint Firebirds,1,Kitchener Rangers,5,28090
2025-04-03,7:00 pm,Erie Otters,7,Saginaw Spirit,3,28097
2025-04-03,7:05 pm,Sudbury Wolves,2,Kingston Frontenacs,3,28062
2025-04-04,7:00 pm,Kitchener Rangers,2,Flint Firebirds,1,28091
2025-04-04,7:05 pm,Oshawa Generals,3,Brampton Steelheads,6,28070
2025-04-04,7:05 pm,Windsor Spitfires,8,Soo Greyhounds,4,28084
2025-04-05,7:00 pm,Brantford Bulldogs,5,North Bay Battalion,1,28049
2025-04-05,7:05 pm,Saginaw Spirit,3,Erie Otters,6,28098
2025-04-05,7:30 pm,Barrie Colts,6,Niagara IceDogs,3,28056
2025-04-06,2:00 pm,Brampton Steelheads,1,Oshawa Generals,4,28071
2025-04-10,7:00 pm,Brantford Bulldogs,5,Oshawa Generals,2,28101
2025-04-10,7:00 pm,Barrie Colts,6,Kingston Frontenacs,2,28108
2025-04-10,7:00 pm,London Knights,6,Erie Otters,3,28115
2025-04-10,7:05 pm,Windsor Spitfires,5,Kitchener Rangers,1,28122
2025-04-12,7:00 pm,London Knights,7,Erie Otters,2,28116
2025-04-12,7:05 pm,Windsor Spitfires,5,Kitchener Rangers,1,28123
2025-04-12,7:30 pm,Barrie Colts,7,Kingston Frontenacs,4,28109
2025-04-13,2:00 pm,Brantford Bulldogs,8,Oshawa Generals,5,28102
2025-04-14,7:00 pm,Kitchener Rangers,3,Windsor Spitfires,6,28124
2025-04-15,7:00 pm,Kingston Frontenacs,5,Barrie Colts,3,28110
2025-04-15,7:00 pm,Erie Otters,0,London Knights,4,28117
2025-04-15,7:05 pm,Oshawa Generals,7,Brantford Bulldogs,2,28103
2025-04-16,7:00 pm,Kitchener Rangers,3,Windsor Spitfires,0,28125
2025-04-17,7:00 pm,Kingston Frontenacs,9,Barrie Colts,4,28111
2025-04-17,7:00 pm,Erie Otters,3,London Knights,4,28118
2025-04-17,7:05 pm,Oshawa Generals,4,Brantford Bulldogs,2,28104
2025-04-18,7:05 pm,Windsor Spitfires,2,Kitchener Rangers,5,28126
2025-04-19,7:00 pm,Brantford Bulldogs,2,Oshawa Generals,3,28105
2025-04-19,7:30 pm,Barrie Colts,2,Kingston Frontenacs,1,28112
2025-04-20,6:05 pm,Oshawa Generals,4,Brantford Bulldogs,1,28106
2025-04-20,7:00 pm,Kingston Frontenacs,3,Barrie Colts,2,28113
2025-04-20,7:00 pm,Kitchener Rangers,4,Windsor Spitfires,0,28127
2025-04-22,7:00 pm,Barrie Colts,6,Kingston Frontenacs,4,28114
2025-04-22,7:05 pm,Windsor Spitfires,1,Kitchener Rangers,2,28128
2025-04-25,7:00 pm,London Knights,5,Kitchener Rangers,2,28136
2025-04-25,7:30 pm,Barrie Colts,1,Oshawa Generals,3,28129
2025-04-27,4:00 pm,London Knights,6,Kitchener Rangers,2,28137
2025-04-27,6:00 pm,Barrie Colts,1,Oshawa Generals,7,28130
2025-04-28,7:00 pm,Kitchener Rangers,2,London Knights,3,28138
2025-04-29,7:05 pm,Oshawa Generals,7,Barrie Colts,6,28131
2025-04-30,7:00 pm,Kitchener Rangers,2,London Knights,4,28139
2025-05-01,7:05 pm,Oshawa Generals,8,Barrie Colts,4,28132
2025-05-08,7:00 pm,London Knights,2,Oshawa Generals,4,28143
2025-05-10,7:00 pm,London Knights,5,Oshawa Generals,2,28144
2025-05-12,7:00 pm,Oshawa Generals,5,London Knights,7,28145
2025-05-13,7:00 pm,Oshawa Generals,2,London Knights,6,28146
2025-05-15,7:00 pm,London Knights,5,Oshawa Generals,2,28147
2025-08-29,2:00 pm,Saginaw Spirit,5,Oshawa Generals,6,28833
2025-08-29,7:00 pm,Brampton Steelheads,7,Guelph Storm,2,28832
2025-08-29,7:00 pm,Kitchener Rangers,3,Brantford Bulldogs,4,28834
2025-08-29,7:00 pm,London Knights,6,Sarnia Sting,5,28835
2025-08-30,2:00 pm,Brantford Bulldogs,3,Saginaw Spirit,2,28836
2025-08-30,7:00 pm,Kitchener Rangers,4,Oshawa Generals,1,28838
2025-08-30,7:00 pm,Niagara IceDogs,3,Flint Firebirds,2,28839
2025-08-30,7:05 pm,Peterborough Petes,5,Erie Otters,2,28840
2025-08-30,7:05 pm,Sarnia Sting,4,London Knights,5,28841
2025-08-30,7:07 pm,Guelph Storm,3,Brampton Steelheads,1,28837
2025-08-31,2:00 pm,Kingston Frontenacs,2,Ottawa 67's,1,28842
2025-08-31,2:00 pm,Kitchener Rangers,6,Saginaw Spirit,4,28843
2025-08-31,2:00 pm,Owen Sound Attack,3,North Bay Battalion,4,28844
2025-08-31,2:05 pm,Peterborough Petes,2,Erie Otters,3,28845
2025-08-31,2:07 pm,Soo Greyhounds,3,Sudbury Wolves,1,28846
2025-09-01,2:07 pm,Guelph Storm,3,Brantford Bulldogs,7,28848
2025-09-01,6:00 pm,Barrie Colts,1,Owen Sound Attack,5,28847
2025-09-03,7:00 pm,North Bay Battalion,4,Ottawa 67's,3,28849
2025-09-03,7:00 pm,Sudbury Wolves,4,Rouyn-Noranda Huskies,3,28850
2025-09-04,7:00 pm,Barrie Colts,3,Brampton Steelheads,2,28851
2025-09-04,7:00 pm,Niagara IceDogs,4,Brantford Bulldogs,1,28852
2025-09-05,7:00 pm,Brampton Steelheads,6,Owen Sound Attack,2,28853
2025-09-05,7:00 pm,Brantford Bulldogs,7,Niagara IceDogs,2,28854
2025-09-05,7:00 pm,Flint Firebirds,8,Windsor Spitfires,1,28855
2025-09-05,7:00 pm,London Knights,2,Erie Otters,1,28857
2025-09-05,7:00 pm,Ottawa 67's,2,Kingston Frontenacs,3,28858
2025-09-05,7:05 pm,Sarnia Sting,2,North Bay Battalion,7,28859
2025-09-05,7:05 pm,Sudbury Wolves,6,Soo Greyhounds,5,28860
2025-09-05,7:07 pm,Guelph Storm,6,Oshawa Generals,4,28856
2025-09-06,1:00 pm,Ottawa 67's,6,North Bay Battalion,1,28862
2025-09-06,4:00 pm,Erie Otters,0,London Knights,2,28861
2025-09-06,7:05 pm,Sarnia Sting,3,Barrie Colts,5,28863
2025-09-07,2:00 pm,Owen Sound Attack,4,Barrie Colts,1,28865
2025-09-07,2:05 pm,Peterborough Petes,2,Kingston Frontenacs,3,28866
2025-09-07,2:05 pm,Saginaw Spirit,3,Windsor Spitfires,7,28867
2025-09-07,4:05 pm,Oshawa Generals,1,Guelph Storm,4,28864
2025-09-12,7:00 pm,Brampton Steelheads,4,Barrie Colts,3,28868
2025-09-12,7:00 pm,Kitchener Rangers,7,Oshawa Generals,2,28871
2025-09-12,7:05 pm,Brantford Bulldogs,6,Guelph Storm,3,28869
2025-09-12,7:05 pm,Saginaw Spirit,3,Soo Greyhounds,6,28872
2025-09-12,7:05 pm,Sarnia Sting,5,Peterborough Petes,6,28873
2025-09-12,7:05 pm,Sudbury Wolves,3,North Bay Battalion,1,28874
2025-09-12,7:30 pm,Erie Otters,1,Flint Firebirds,3,28870
2025-09-13,4:00 pm,Brampton Steelheads,4,Niagara IceDogs,3,28875
2025-09-13,4:00 pm,North Bay Battalion,5,Owen Sound Attack,7,28876
2025-09-13,7:05 pm,Windsor Spitfires,4,Kitchener Rangers,2,28877
2025-09-14,2:00 pm,Barrie Colts,7,Oshawa Generals,4,28878
2025-09-14,2:05 pm,Windsor Spitfires,8,Flint Firebirds,5,28881
2025-09-14,2:07 pm,Soo Greyhounds,5,Saginaw Spirit,8,28879
2025-09-14,4:00 pm,Sudbury Wolves,4,Kingston Frontenacs,6,28880
2025-09-18,7:00 pm,North Bay Battalion,4,Oshawa Generals,2,28150
2025-09-18,7:05 pm,Peterborough Petes,6,Brampton Steelheads,3,28151
2025-09-19,7:00 pm,Brampton Steelheads,4,Niagara IceDogs,1,28152
2025-09-19,7:00 pm,Kitchener Rangers,4,Brantford Bulldogs,3,28155
2025-09-19,7:00 pm,London Knights,2,Owen Sound Attack,3,28156
2025-09-19,7:05 pm,Kingston Frontenacs,2,Ottawa 67's,6,28154
2025-09-19,7:05 pm,Sarnia Sting,1,Windsor Spitfires,8,28157
2025-09-19,7:05 pm,Sudbury Wolves,3,North Bay Battalion,4,28159
2025-09-19,7:07 pm,Guelph Storm,5,Erie Otters,2,28153
2025-09-19,7:07 pm,Soo Greyhounds,3,Saginaw Spirit,5,28158
2025-09-20,7:00 pm,Brantford Bulldogs,5,Peterborough Petes,1,28161
2025-09-20,7:00 pm,Erie Otters,1,Kitchener Rangers,3,28162
2025-09-20,7:05 pm,Saginaw Spirit,5,Flint Firebirds,6,28163
2025-09-20,7:05 pm,Windsor Spitfires,4,London Knights,1,28164
2025-09-20,7:30 pm,Barrie Colts,6,Guelph Storm,2,28160
2025-09-21,2:00 pm,Niagara IceDogs,5,Sudbury Wolves,1,28165
2025-09-21,2:07 pm,Soo Greyhounds,5,Sarnia Sting,2,28167
2025-09-21,6:05 pm,Oshawa Generals,2,Kingston Frontenacs,5,28166
2025-09-25,7:00 pm,Barrie Colts,1,Owen Sound Attack,2,28168
2025-09-25,7:05 pm,Peterborough Petes,0,Soo Greyhounds,3,28169
2025-09-25,7:05 pm,Windsor Spitfires,4,Sudbury Wolves,0,28170
2025-09-26,7:00 pm,Kitchener Rangers,5,Erie Otters,2,28173
2025-09-26,7:00 pm,London Knights,1,Brampton Steelheads,2,28174
2025-09-26,7:00 pm,North Bay Battalion,1,Ottawa 67's,3,28175
2025-09-26,7:05 pm,Kingston Frontenacs,4,Soo Greyhounds,5,28172
2025-09-26,7:05 pm,Saginaw Spirit,4,Niagara IceDogs,5,28176
2025-09-26,7:05 pm,Sarnia Sting,6,Sudbury Wolves,1,28177
2025-09-26,7:07 pm,Guelph Storm,1,Oshawa Generals,7,28171
2025-09-27,4:00 pm,Brampton Steelheads,2,Peterborough Petes,4,28179
2025-09-27,7:00 pm,Brantford Bulldogs,7,Sudbury Wolves,2,28180
2025-09-27,7:00 pm,Erie Otters,4,London Knights,3,28181
2025-09-27,7:00 pm,Flint Firebirds,0,Niagara IceDogs,4,28182
2025-09-27,7:00 pm,Owen Sound Attack,5,Kitchener Rangers,2,28183
2025-09-27,7:05 pm,Saginaw Spirit,3,Guelph Storm,7,28184
2025-09-27,7:30 pm,Barrie Colts,1,Windsor Spitfires,3,28178
2025-09-28,2:00 pm,North Bay Battalion,1,Kingston Frontenacs,2,28185
2025-09-28,2:00 pm,Owen Sound Attack,5,Barrie Colts,4,28188
2025-09-28,2:05 pm,Sarnia Sting,7,Flint Firebirds,4,28189
2025-09-28,3:00 pm,Ottawa 67's,7,Soo Greyhounds,3,28187
2025-09-28,6:05 pm,Oshawa Generals,1,Windsor Spitfires,4,28186
2025-10-02,7:00 pm,Barrie Colts,4,Soo Greyhounds,5,28190
2025-10-02,7:05 pm,Peterborough Petes,2,Erie Otters,3,28191
2025-10-02,7:05 pm,Windsor Spitfires,6,Niagara IceDogs,0,28192
2025-10-03,7:00 pm,Brampton Steelheads,5,Soo Greyhounds,0,28193
2025-10-03,7:00 pm,Brantford Bulldogs,6,Peterborough Petes,3,28194
2025-10-03,7:00 pm,Kitchener Rangers,4,Owen Sound Attack,3,28197
2025-10-03,7:00 pm,London Knights,5,Flint Firebirds,4,28198
2025-10-03,7:05 pm,Kingston Frontenacs,5,Oshawa Generals,2,28196
2025-10-03,7:05 pm,Sarnia Sting,3,Niagara IceDogs,4,28199
2025-10-03,7:05 pm,Sudbury Wolves,1,North Bay Battalion,3,28200
2025-10-03,7:07 pm,Guelph Storm,3,Saginaw Spirit,2,28195
2025-10-04,3:00 pm,Ottawa 67's,4,Erie Otters,1,28205
2025-10-04,4:00 pm,Brantford Bulldogs,3,Windsor Spitfires,4,28202
2025-10-04,4:00 pm,Owen Sound Attack,5,Saginaw Spirit,7,28206
2025-10-04,4:07 pm,Guelph Storm,2,London Knights,3,28204
2025-10-04,7:00 pm,Flint Firebirds,2,Sarnia Sting,4,28203
2025-10-04,7:30 pm,Barrie Colts,5,Oshawa Generals,3,28201
2025-10-05,2:00 pm,Niagara IceDogs,5,Barrie Colts,6,28208
2025-10-05,2:00 pm,North Bay Battalion,3,Soo Greyhounds,4,28209
2025-10-05,2:00 pm,Owen Sound Attack,6,Windsor Spitfires,3,28211
2025-10-05,2:05 pm,Kingston Frontenacs,1,Erie Otters,0,28207
2025-10-05,6:05 pm,Oshawa Generals,3,Saginaw Spirit,2,28210
2025-10-08,7:00 pm,Flint Firebirds,3,Kitchener Rangers,0,28212
2025-10-09,7:00 pm,Barrie Colts,1,Ottawa 67's,2,28213
2025-10-09,7:00 pm,Niagara IceDogs,4,Brantford Bulldogs,7,28214
2025-10-09,7:05 pm,Peterborough Petes,5,Kingston Frontenacs,2,28215
2025-10-09,7:05 pm,Windsor Spitfires,3,Guelph Storm,2,28216
2025-10-10,7:00 pm,Brampton Steelheads,3,Ottawa 67's,5,28217
2025-10-10,7:00 pm,Brantford Bulldogs,6,Sudbury Wolves,0,28218
2025-10-10,7:00 pm,London Knights,6,Erie Otters,1,28221
2025-10-10,7:05 pm,Kingston Frontenacs,9,Peterborough Petes,1,28220
2025-10-10,7:05 pm,Sarnia Sting,1,Oshawa Generals,3,28222
2025-10-10,7:07 pm,Guelph Storm,2,North Bay Battalion,5,28219
2025-10-10,7:07 pm,Soo Greyhounds,5,Kitchener Rangers,4,28223
2025-10-11,7:00 pm,Erie Otters,3,Sudbury Wolves,6,28225
2025-10-11,7:00 pm,Flint Firebirds,3,Oshawa Generals,0,28226
2025-10-11,7:00 pm,London Knights,5,Sarnia Sting,4,28227
2025-10-11,7:00 pm,Owen Sound Attack,5,North Bay Battalion,3,28228
2025-10-11,7:05 pm,Saginaw Spirit,1,Kitchener Rangers,3,28229
2025-10-11,7:07 pm,Soo Greyhounds,1,Windsor Spitfires,4,28230
2025-10-11,7:30 pm,Barrie Colts,3,Brampton Steelheads,5,28224
2025-10-12,1:00 pm,Brantford Bulldogs,8,Ottawa 67's,5,28231
2025-10-12,2:00 pm,Niagara IceDogs,4,Sudbury Wolves,3,28232
2025-10-13,2:00 pm,North Bay Battalion,4,Owen Sound Attack,6,28233
2025-10-13,2:05 pm,Windsor Spitfires,3,Oshawa Generals,4,28234
2025-10-14,7:00 pm,Kitchener Rangers,6,Guelph Storm,1,28235
2025-10-15,7:00 pm,Owen Sound Attack,6,Barrie Colts,0,28236
2025-10-15,7:07 pm,Soo Greyhounds,5,Saginaw Spirit,2,28237
2025-10-16,7:05 pm,Peterborough Petes,7,Oshawa Generals,3,28238
2025-10-17,7:00 pm,Brampton Steelheads,3,Brantford Bulldogs,7,28239
2025-10-17,7:00 pm,Erie Otters,3,Niagara IceDogs,1,28240
2025-10-17,7:00 pm,Kitchener Rangers,1,London Knights,6,28243
2025-10-17,7:05 pm,Kingston Frontenacs,0,Ottawa 67's,3,28242
2025-10-17,7:05 pm,Sarnia Sting,2,Windsor Spitfires,3,28244
2025-10-17,7:05 pm,Sudbury Wolves,4,Soo Greyhounds,2,28245
2025-10-17,7:07 pm,Guelph Storm,3,Owen Sound Attack,6,28241
2025-10-18,4:00 pm,Brantford Bulldogs,9,Brampton Steelheads,3,28247
2025-10-18,4:05 pm,Kingston Frontenacs,7,Oshawa Generals,1,28249
2025-10-18,7:00 pm,Flint Firebirds,5,Saginaw Spirit,4,28248
2025-10-18,7:00 pm,Niagara IceDogs,4,Erie Otters,3,28250
2025-10-18,7:00 pm,Owen Sound Attack,3,Guelph Storm,6,28251
2025-10-18,7:05 pm,Peterborough Petes,2,Ottawa 67's,1,28252
2025-10-18,7:05 pm,Windsor Spitfires,3,Sarnia Sting,5,28254
2025-10-18,7:07 pm,Soo Greyhounds,3,Sudbury Wolves,1,28253
2025-10-18,7:30 pm,Barrie Colts,3,North Bay Battalion,4,28246
2025-10-19,2:00 pm,Brampton Steelheads,7,Erie Otters,2,28255
2025-10-19,2:00 pm,London Knights,2,Kitchener Rangers,3,28256
2025-10-19,2:00 pm,North Bay Battalion,3,Barrie Colts,2,28257
2025-10-19,3:00 pm,Ottawa 67's,2,Kingston Frontenacs,4,28259
2025-10-19,5:30 pm,Saginaw Spirit,3,Flint Firebirds,4,28260
2025-10-19,6:05 pm,Oshawa Generals,6,Peterborough Petes,4,28258
2025-10-22,7:07 pm,Soo Greyhounds,2,Erie Otters,5,28261
2025-10-23,7:00 pm,North Bay Battalion,5,Peterborough Petes,4,28262
2025-10-23,7:05 pm,Windsor Spitfires,2,Ottawa 67's,0,28263
2025-10-24,6:00 pm,Sudbury Wolves,5,Barrie Colts,3,28271
2025-10-24,6:07 pm,Soo Greyhounds,3,Peterborough Petes,4,28270
2025-10-24,7:00 pm,Kitchener Rangers,4,Flint Firebirds,1,28265
2025-10-24,7:00 pm,London Knights,3,Ottawa 67's,2,28266
2025-10-24,7:00 pm,Niagara IceDogs,6,Brampton Steelheads,3,28267
2025-10-24,7:05 pm,Saginaw Spirit,5,Erie Otters,3,28268
2025-10-24,7:05 pm,Sarnia Sting,1,Brantford Bulldogs,3,28269
2025-10-24,7:05 pm,Windsor Spitfires,4,Owen Sound Attack,3,28272
2025-10-24,7:07 pm,Guelph Storm,6,Kingston Frontenacs,3,28264
2025-10-25,4:00 pm,Brampton Steelheads,2,North Bay Battalion,1,28274
2025-10-25,5:00 pm,Brantford Bulldogs,3,Oshawa Generals,1,28275
2025-10-25,6:00 pm,Niagara IceDogs,4,Kingston Frontenacs,1,28277
2025-10-25,7:00 pm,Flint Firebirds,5,Erie Otters,0,28276
2025-10-25,7:05 pm,Saginaw Spirit,4,Owen Sound Attack,2,28278
2025-10-25,7:30 pm,Barrie Colts,4,Kitchener Rangers,3,28273
2025-10-26,2:00 pm,Brampton Steelheads,1,Niagara IceDogs,5,28279
2025-10-26,2:05 pm,Sarnia Sting,0,London Knights,3,28284
2025-10-26,2:05 pm,Sudbury Wolves,8,Peterborough Petes,2,28285
2025-10-26,2:07 pm,Guelph Storm,4,Ottawa 67's,3,28281
2025-10-26,4:00 pm,Flint Firebirds,6,Owen Sound Attack,2,28280
2025-10-26,4:05 pm,Windsor Spitfires,5,Saginaw Spirit,6,28286
2025-10-26,6:00 pm,Kitchener Rangers,3,North Bay Battalion,1,28282
2025-10-26,6:05 pm,Oshawa Generals,1,Brantford Bulldogs,4,28283
2025-10-29,10:30 am,Ottawa 67's,3,Brampton Steelheads,2,28288
2025-10-29,10:30 am,Owen Sound Attack,7,Sarnia Sting,3,28289
2025-10-29,6:00 pm,Brantford Bulldogs,4,Barrie Colts,5,28287
2025-10-29,6:00 pm,Sudbury Wolves,2,Soo Greyhounds,8,28290
2025-10-30,7:00 pm,Barrie Colts,3,Sarnia Sting,2,28291
2025-10-30,7:00 pm,Erie Otters,4,Guelph Storm,3,28292
2025-10-30,7:00 pm,North Bay Battalion,1,Soo Greyhounds,4,28293
2025-10-30,7:05 pm,Peterborough Petes,1,London Knights,6,28294
2025-10-30,7:05 pm,Saginaw Spirit,1,Flint Firebirds,5,28295
2025-10-31,6:00 pm,Niagara IceDogs,4,Brampton Steelheads,0,28297
2025-10-31,7:00 pm,Kitchener Rangers,3,Sudbury Wolves,0,28296
2025-10-31,7:00 pm,Ottawa 67's,5,London Knights,1,28298
2025-11-01,4:00 pm,Brampton Steelheads,0,Kitchener Rangers,4,28300
2025-11-01,4:05 pm,Oshawa Generals,1,Soo Greyhounds,6,28302
2025-11-01,4:05 pm,Peterborough Petes,4,Kingston Frontenacs,3,28304
2025-11-01,6:00 pm,Owen Sound Attack,4,Sudbury Wolves,3,28303
2025-11-01,7:00 pm,Flint Firebirds,0,Brantford Bulldogs,7,28301
2025-11-01,7:05 pm,Saginaw Spirit,6,Windsor Spitfires,3,28305
2025-11-01,7:30 pm,Barrie Colts,4,Erie Otters,2,28299
2025-11-02,2:00 pm,North Bay Battalion,6,Niagara IceDogs,2,28308
2025-11-02,2:00 pm,Owen Sound Attack,8,Erie Otters,3,28310
2025-11-02,2:07 pm,Guelph Storm,4,Sarnia Sting,1,28306
2025-11-02,4:05 pm,Kingston Frontenacs,1,London Knights,6,28307
2025-11-02,4:05 pm,Windsor Spitfires,5,Flint Firebirds,2,28312
2025-11-02,5:30 pm,Saginaw Spirit,2,Brantford Bulldogs,6,28311
2025-11-02,6:05 pm,Oshawa Generals,0,Ottawa 67's,3,28309
2025-11-05,10:30 am,Sarnia Sting,6,Owen Sound Attack,4,28314
2025-11-05,6:37 pm,Guelph Storm,6,London Knights,4,28313
2025-11-05,7:07 pm,Soo Greyhounds,2,Flint Firebirds,3,28315
2025-11-06,7:00 pm,Barrie Colts,6,Sudbury Wolves,2,28316
2025-11-06,7:00 pm,Niagara IceDogs,3,Ottawa 67's,4,28317
2025-11-06,7:05 pm,Peterborough Petes,4,Brantford Bulldogs,3,28318
2025-11-06,7:05 pm,Windsor Spitfires,3,Kingston Frontenacs,0,28319
2025-11-07,7:00 pm,Erie Otters,2,Ottawa 67's,5,28320
2025-11-07,7:00 pm,Flint Firebirds,9,North Bay Battalion,3,28321
2025-11-07,7:00 pm,Kitchener Rangers,5,Saginaw Spirit,2,28322
2025-11-07,7:00 pm,London Knights,2,Kingston Frontenacs,1,28323
2025-11-07,7:05 pm,Oshawa Generals,4,Brantford Bulldogs,5,28324
2025-11-07,7:05 pm,Sarnia Sting,4,Brampton Steelheads,5,28325
2025-11-07,7:05 pm,Sudbury Wolves,3,Barrie Colts,6,28327
2025-11-07,7:07 pm,Soo Greyhounds,2,Guelph Storm,4,28326
2025-11-08,7:00 pm,Erie Otters,5,Niagara IceDogs,2,28328
2025-11-08,7:00 pm,Flint Firebirds,6,Guelph Storm,3,28329
2025-11-08,7:00 pm,Owen Sound Attack,2,London Knights,3,28330
2025-11-08,7:05 pm,Saginaw Spirit,1,North Bay Battalion,7,28331
2025-11-08,7:05 pm,Windsor Spitfires,6,Brampton Steelheads,3,28333
2025-11-08,7:07 pm,Soo Greyhounds,4,Barrie Colts,3,28332
2025-11-09,2:00 pm,Brantford Bulldogs,4,Ottawa 67's,3,28334
2025-11-09,2:00 pm,Kitchener Rangers,2,Kingston Frontenacs,3,28335
2025-11-09,2:05 pm,Sarnia Sting,6,North Bay Battalion,5,28337
2025-11-09,2:05 pm,Sudbury Wolves,4,Peterborough Petes,5,28338
2025-11-09,6:05 pm,Oshawa Generals,3,Owen Sound Attack,5,28336
2025-11-11,7:05 pm,Peterborough Petes,6,Oshawa Generals,2,28339
2025-11-12,10:30 am,Ottawa 67's,2,Kingston Frontenacs,1,28341
2025-11-12,7:00 pm,Flint Firebirds,3,London Knights,2,28340
2025-11-13,7:00 pm,Barrie Colts,1,Saginaw Spirit,2,28342
2025-11-13,7:00 pm,North Bay Battalion,4,Erie Otters,2,28343
2025-11-13,7:05 pm,Peterborough Petes,5,Sarnia Sting,3,28344
2025-11-13,7:05 pm,Windsor Spitfires,3,Soo Greyhounds,4,28345
2025-11-14,7:00 pm,Brampton Steelheads,3,Oshawa Generals,1,28346
2025-11-14,7:00 pm,Brantford Bulldogs,2,Flint Firebirds,3,28347
2025-11-14,7:00 pm,Kitchener Rangers,0,Soo Greyhounds,4,28350
2025-11-14,7:00 pm,London Knights,5,Owen Sound Attack,2,28351
2025-11-14,7:00 pm,Ottawa 67's,9,Sarnia Sting,3,28352
2025-11-14,7:05 pm,Kingston Frontenacs,4,Niagara IceDogs,3,28349
2025-11-14,7:05 pm,Sudbury Wolves,3,Erie Otters,6,28353
2025-11-14,7:07 pm,Guelph Storm,8,Windsor Spitfires,5,28348
2025-11-15,3:00 pm,Ottawa 67's,6,Niagara IceDogs,2,28358
2025-11-15,4:00 pm,Brantford Bulldogs,5,Brampton Steelheads,4,28355
2025-11-15,7:00 pm,Flint Firebirds,6,Owen Sound Attack,2,28356
2025-11-15,7:05 pm,Sudbury Wolves,2,Saginaw Spirit,1,28359
2025-11-15,7:07 pm,Guelph Storm,3,Kitchener Rangers,2,28357
2025-11-15,7:30 pm,Barrie Colts,3,Peterborough Petes,1,28354
2025-11-16,2:00 pm,London Knights,0,Soo Greyhounds,0,28361
2025-11-16,2:05 pm,Oshawa Generals,0,Erie Otters,0,28363
2025-11-16,3:00 pm,North Bay Battalion,0,Saginaw Spirit,0,28362
2025-11-16,4:05 pm,Kingston Frontenacs,0,Sarnia Sting,0,28360
2025-11-18,7:00 pm,Kitchener Rangers,0,Guelph Storm,0,28364
2025-11-19,10:30 am,Kingston Frontenacs,0,Ottawa 67's,0,28365
2025-11-19,7:05 pm,Sudbury Wolves,0,Barrie Colts,0,28366
2025-11-20,7:00 pm,Niagara IceDogs,0,Brantford Bulldogs,0,28367
2025-11-20,7:00 pm,North Bay Battalion,0,London Knights,0,28368
2025-11-20,7:05 pm,Peterborough Petes,0,Brampton Steelheads,0,28369
2025-11-21,7:00 pm,Brampton Steelheads,0,Flint Firebirds,0,28370
2025-11-21,7:00 pm,Brantford Bulldogs,0,Sarnia Sting,0,28371
2025-11-21,7:00 pm,Erie Otters,0,Barrie Colts,0,28372
2025-11-21,7:00 pm,Kitchener Rangers,0,Ottawa 67's,0,28375
2025-11-21,7:05 pm,Kingston Frontenacs,0,Peterborough Petes,0,28374
2025-11-21,7:05 pm,Oshawa Generals,0,North Bay Battalion,0,28376
2025-11-21,7:05 pm,Sudbury Wolves,0,London Knights,0,28377
2025-11-21,7:05 pm,Windsor Spitfires,0,Saginaw Spirit,0,28378
2025-11-21,7:07 pm,Guelph Storm,0,Owen Sound Attack,0,28373
2025-11-22,4:07 pm,Guelph Storm,0,Flint Firebirds,0,28380
2025-11-22,7:00 pm,Erie Otters,0,Sarnia Sting,0,28379
2025-11-22,7:00 pm,Niagara IceDogs,0,Barrie Colts,0,28381
2025-11-22,7:00 pm,Owen Sound Attack,0,Ottawa 67's,0,28382
2025-11-22,7:05 pm,Peterborough Petes,0,Kingston Frontenacs,0,28383
2025-11-22,7:05 pm,Saginaw Spirit,0,Windsor Spitfires,0,28384
2025-11-22,7:07 pm,Soo Greyhounds,0,London Knights,0,28385
2025-11-23,2:00 pm,Brampton Steelheads,0,Sudbury Wolves,0,28386
2025-11-23,2:00 pm,Owen Sound Attack,0,Flint Firebirds,0,28388
2025-11-23,4:05 pm,Windsor Spitfires,0,Guelph Storm,0,28389
2025-11-23,6:05 pm,Oshawa Generals,0,Kitchener Rangers,0,28387
2025-11-26,7:00 pm,Erie Otters,0,Brampton Steelheads,0,28390
2025-11-26,7:00 pm,Flint Firebirds,0,Saginaw Spirit,0,28391
2025-11-26,7:05 pm,Windsor Spitfires,0,Owen Sound Attack,0,28392
2025-11-27,7:05 pm,Peterborough Petes,0,North Bay Battalion,0,28393
2025-11-28,7:00 pm,Brampton Steelheads,0,Brantford Bulldogs,0,28394
2025-11-28,7:00 pm,Kitchener Rangers,0,Niagara IceDogs,0,28397
2025-11-28,7:00 pm,London Knights,0,Saginaw Spirit,0,28398
2025-11-28,7:00 pm,Ottawa 67's,0,Oshawa Generals,0,28399
2025-11-28,7:05 pm,Kingston Frontenacs,0,North Bay Battalion,0,28396
2025-11-28,7:05 pm,Sarnia Sting,0,Soo Greyhounds,0,28400
2025-11-28,7:05 pm,Sudbury Wolves,0,Barrie Colts,0,28401
2025-11-28,7:07 pm,Guelph Storm,0,Windsor Spitfires,0,28395
2025-11-29,4:00 pm,Brampton Steelheads,0,Sudbury Wolves,0,28403
2025-11-29,4:00 pm,Owen Sound Attack,0,Windsor Spitfires,0,28407
2025-11-29,7:00 pm,Brantford Bulldogs,0,Kitchener Rangers,0,28404
2025-11-29,7:00 pm,Erie Otters,0,Peterborough Petes,0,28405
2025-11-29,7:00 pm,Flint Firebirds,0,Soo Greyhounds,0,28406
2025-11-29,7:05 pm,Saginaw Spirit,0,London Knights,0,28408
2025-11-29,7:30 pm,Barrie Colts,0,Kingston Frontenacs,0,28402
2025-11-30,2:00 pm,Niagara IceDogs,0,Peterborough Petes,0,28410
2025-11-30,2:00 pm,Owen Sound Attack,0,Kingston Frontenacs,0,28413
2025-11-30,2:05 pm,Sarnia Sting,0,Flint Firebirds,0,28414
2025-11-30,2:07 pm,Guelph Storm,0,Sudbury Wolves,0,28409
2025-11-30,3:00 pm,Ottawa 67's,0,North Bay Battalion,0,28412
2025-11-30,6:05 pm,Oshawa Generals,0,Brantford Bulldogs,0,28411
2025-12-02,7:00 pm,Kitchener Rangers,0,Erie Otters,0,28415
2025-12-03,11:00 am,Brampton Steelheads,0,Guelph Storm,0,28416
2025-12-03,6:30 pm,London Knights,0,Kitchener Rangers,0,28418
2025-12-03,7:00 pm,Brantford Bulldogs,0,Kingston Frontenacs,0,28417
2025-12-04,7:00 pm,North Bay Battalion,0,Sarnia Sting,0,28419
2025-12-04,7:05 pm,Peterborough Petes,0,Flint Firebirds,0,28420
2025-12-05,7:00 pm,Brampton Steelheads,0,Niagara IceDogs,0,28421
2025-12-05,7:00 pm,Kitchener Rangers,0,Peterborough Petes,0,28424
2025-12-05,7:00 pm,London Knights,0,Windsor Spitfires,0,28425
2025-12-05,7:00 pm,Ottawa 67's,0,Barrie Colts,0,28426
2025-12-05,7:00 pm,Owen Sound Attack,0,Erie Otters,0,28427
2025-12-05,7:05 pm,Kingston Frontenacs,0,Flint Firebirds,0,28423
2025-12-05,7:05 pm,Sudbury Wolves,0,Sarnia Sting,0,28429
2025-12-05,7:07 pm,Guelph Storm,0,Saginaw Spirit,0,28422
2025-12-05,7:07 pm,Soo Greyhounds,0,Oshawa Generals,0,28428
2025-12-06,4:00 pm,Brampton Steelheads,0,Saginaw Spirit,0,28430
2025-12-06,4:00 pm,Brantford Bulldogs,0,North Bay Battalion,0,28431
2025-12-06,4:05 pm,Kingston Frontenacs,0,Barrie Colts,0,28432
2025-12-06,7:00 pm,Owen Sound Attack,0,Erie Otters,0,28433
2025-12-06,7:05 pm,Peterborough Petes,0,Ottawa 67's,0,28434
2025-12-06,7:05 pm,Windsor Spitfires,0,London Knights,0,28435
2025-12-07,2:00 pm,Niagara IceDogs,0,North Bay Battalion,0,28437
2025-12-07,2:05 pm,Sudbury Wolves,0,Oshawa Generals,0,28440
2025-12-07,2:07 pm,Guelph Storm,0,Kitchener Rangers,0,28436
2025-12-07,2:07 pm,Soo Greyhounds,0,Sarnia Sting,0,28439
2025-12-07,3:00 pm,Ottawa 67's,0,Flint Firebirds,0,28438
2025-12-10,7:00 pm,Flint Firebirds,0,Guelph Storm,0,28441
2025-12-10,7:05 pm,Kingston Frontenacs,0,Oshawa Generals,0,28442
2025-12-10,7:07 pm,Soo Greyhounds,0,Kitchener Rangers,0,28443
2025-12-11,7:00 pm,Barrie Colts,0,Owen Sound Attack,0,28444
2025-12-11,7:00 pm,Erie Otters,0,Brantford Bulldogs,0,28445
2025-12-11,7:00 pm,Niagara IceDogs,0,London Knights,0,28446
2025-12-11,7:00 pm,North Bay Battalion,0,Brampton Steelheads,0,28447
2025-12-11,7:05 pm,Peterborough Petes,0,Windsor Spitfires,0,28448
2025-12-12,7:00 pm,Flint Firebirds,0,Kitchener Rangers,0,28449
2025-12-12,7:00 pm,London Knights,0,Saginaw Spirit,0,28452
2025-12-12,7:05 pm,Kingston Frontenacs,0,Windsor Spitfires,0,28451
2025-12-12,7:05 pm,Oshawa Generals,0,Ottawa 67's,0,28453
2025-12-12,7:05 pm,Sudbury Wolves,0,Owen Sound Attack,0,28455
2025-12-12,7:07 pm,Guelph Storm,0,Sarnia Sting,0,28450
2025-12-12,7:07 pm,Soo Greyhounds,0,Brampton Steelheads,0,28454
2025-12-13,7:00 pm,Erie Otters,0,North Bay Battalion,0,28457
2025-12-13,7:00 pm,Flint Firebirds,0,Sarnia Sting,0,28458
2025-12-13,7:05 pm,Peterborough Petes,0,Brantford Bulldogs,0,28459
2025-12-13,7:05 pm,Saginaw Spirit,0,Kitchener Rangers,0,28460
2025-12-13,7:30 pm,Barrie Colts,0,Niagara IceDogs,0,28456
2025-12-14,2:00 pm,Brantford Bulldogs,0,London Knights,0,28461
2025-12-14,2:00 pm,Niagara IceDogs,0,North Bay Battalion,0,28462
2025-12-14,2:05 pm,Sarnia Sting,0,Guelph Storm,0,28465
2025-12-14,2:05 pm,Sudbury Wolves,0,Brampton Steelheads,0,28467
2025-12-14,2:07 pm,Soo Greyhounds,0,Owen Sound Attack,0,28466
2025-12-14,3:00 pm,Ottawa 67's,0,Windsor Spitfires,0,28464
2025-12-14,6:05 pm,Oshawa Generals,0,Kingston Frontenacs,0,28463
2025-12-17,7:00 pm,Owen Sound Attack,0,London Knights,0,28468
2025-12-17,7:05 pm,Saginaw Spirit,0,Soo Greyhounds,0,28469
2025-12-17,7:05 pm,Sarnia Sting,0,Kitchener Rangers,0,28470
2025-12-18,7:00 pm,Barrie Colts,0,Sudbury Wolves,0,28471
2025-12-18,7:00 pm,North Bay Battalion,0,Guelph Storm,0,28472
2025-12-18,7:05 pm,Peterborough Petes,0,Niagara IceDogs,0,28473
2025-12-18,7:05 pm,Windsor Spitfires,0,Soo Greyhounds,0,28474
2025-12-19,7:00 pm,Brampton Steelheads,0,Barrie Colts,0,28475
2025-12-19,7:00 pm,Erie Otters,0,Sarnia Sting,0,28476
2025-12-19,7:00 pm,Kitchener Rangers,0,Owen Sound Attack,0,28478
2025-12-19,7:00 pm,London Knights,0,Oshawa Generals,0,28479
2025-12-19,7:00 pm,Niagara IceDogs,0,Flint Firebirds,0,28480
2025-12-19,7:00 pm,Ottawa 67's,0,Peterborough Petes,0,28481
2025-12-19,7:05 pm,Kingston Frontenacs,0,Brantford Bulldogs,0,28477
2025-12-19,7:05 pm,Sudbury Wolves,0,Guelph Storm,0,28482
2025-12-20,3:00 pm,Ottawa 67's,0,Brantford Bulldogs,0,28487
2025-12-20,4:00 pm,Brampton Steelheads,0,Kingston Frontenacs,0,28484
2025-12-20,7:00 pm,Erie Otters,0,Flint Firebirds,0,28485
2025-12-20,7:00 pm,Niagara IceDogs,0,Sarnia Sting,0,28486
2025-12-20,7:05 pm,Saginaw Spirit,0,Oshawa Generals,0,28488
2025-12-20,7:30 pm,Barrie Colts,0,London Knights,0,28483
2025-12-28,2:00 pm,Kitchener Rangers,0,Erie Otters,0,28490
2025-12-28,2:00 pm,Niagara IceDogs,0,Brampton Steelheads,0,28491
2025-12-28,2:00 pm,North Bay Battalion,0,Barrie Colts,0,28492
2025-12-28,2:00 pm,Owen Sound Attack,0,Brantford Bulldogs,0,28495
2025-12-28,2:07 pm,Soo Greyhounds,0,Saginaw Spirit,0,28497
2025-12-28,3:00 pm,Ottawa 67's,0,Kingston Frontenacs,0,28494
2025-12-28,4:00 pm,Flint Firebirds,0,Windsor Spitfires,0,28489
2025-12-28,6:05 pm,Oshawa Generals,0,Peterborough Petes,0,28493
2025-12-28,7:05 pm,Sarnia Sting,0,London Knights,0,28496
2025-12-29,7:00 pm,Brampton Steelheads,0,Niagara IceDogs,0,28498
2025-12-30,3:00 pm,Ottawa 67's,0,Guelph Storm,0,28500
2025-12-30,4:00 pm,Brantford Bulldogs,0,Erie Otters,0,28499
2025-12-30,7:05 pm,Saginaw Spirit,0,Sarnia Sting,0,28501
2025-12-30,7:05 pm,Sudbury Wolves,0,Kitchener Rangers,0,28502
2025-12-31,1:00 pm,North Bay Battalion,0,Kitchener Rangers,0,28509
2025-12-31,2:00 pm,Brampton Steelheads,0,Owen Sound Attack,0,28504
2025-12-31,2:05 pm,Kingston Frontenacs,0,Guelph Storm,0,28506
2025-12-31,2:05 pm,Windsor Spitfires,0,Saginaw Spirit,0,28511
2025-12-31,4:00 pm,London Knights,0,Sarnia Sting,0,28507
2025-12-31,4:07 pm,Soo Greyhounds,0,Flint Firebirds,0,28510
2025-12-31,6:00 pm,Erie Otters,0,Brantford Bulldogs,0,28505
2025-12-31,6:00 pm,Niagara IceDogs,0,Oshawa Generals,0,28508
2025-12-31,7:30 pm,Barrie Colts,0,Sudbury Wolves,0,28503
2026-01-01,2:05 pm,Oshawa Generals,0,Ottawa 67's,0,28512
2026-01-01,2:05 pm,Peterborough Petes,0,Kingston Frontenacs,0,28513
2026-01-02,7:00 pm,Kitchener Rangers,0,Barrie Colts,0,28516
2026-01-02,7:00 pm,London Knights,0,Flint Firebirds,0,28517
2026-01-02,7:00 pm,Niagara IceDogs,0,Windsor Spitfires,0,28518
2026-01-02,7:05 pm,Kingston Frontenacs,0,Ottawa 67's,0,28515
2026-01-02,7:05 pm,Sarnia Sting,0,Owen Sound Attack,0,28519
2026-01-02,7:05 pm,Sudbury Wolves,0,North Bay Battalion,0,28520
2026-01-02,7:07 pm,Guelph Storm,0,Brantford Bulldogs,0,28514
2026-01-03,7:00 pm,Erie Otters,0,Windsor Spitfires,0,28522
2026-01-03,7:00 pm,Flint Firebirds,0,Brampton Steelheads,0,28523
2026-01-03,7:00 pm,Owen Sound Attack,0,Peterborough Petes,0,28524
2026-01-03,7:05 pm,Saginaw Spirit,0,Soo Greyhounds,0,28525
2026-01-03,7:30 pm,Barrie Colts,0,Niagara IceDogs,0,28521
2026-01-04,2:00 pm,North Bay Battalion,0,Sudbury Wolves,0,28527
2026-01-04,2:05 pm,Oshawa Generals,0,London Knights,0,28528
2026-01-04,2:07 pm,Guelph Storm,0,Peterborough Petes,0,28526
2026-01-04,5:30 pm,Saginaw Spirit,0,Brampton Steelheads,0,28529
2026-01-07,7:00 pm,Brantford Bulldogs,0,Niagara IceDogs,0,28530
2026-01-07,7:00 pm,Flint Firebirds,0,Sarnia Sting,0,28531
2026-01-07,7:00 pm,Owen Sound Attack,0,Guelph Storm,0,28532
2026-01-07,7:07 pm,Soo Greyhounds,0,Sudbury Wolves,0,28533
2026-01-08,7:00 pm,North Bay Battalion,0,Ottawa 67's,0,28534
2026-01-08,7:05 pm,Peterborough Petes,0,Oshawa Generals,0,28535
2026-01-08,7:05 pm,Saginaw Spirit,0,Kingston Frontenacs,0,28536
2026-01-08,7:05 pm,Windsor Spitfires,0,Erie Otters,0,28537
2026-01-09,7:00 pm,Brampton Steelheads,0,North Bay Battalion,0,28538
2026-01-09,7:00 pm,Flint Firebirds,0,Saginaw Spirit,0,28539
2026-01-09,7:00 pm,Kitchener Rangers,0,Oshawa Generals,0,28541
2026-01-09,7:00 pm,London Knights,0,Brantford Bulldogs,0,28542
2026-01-09,7:05 pm,Sarnia Sting,0,Erie Otters,0,28543
2026-01-09,7:05 pm,Sudbury Wolves,0,Niagara IceDogs,0,28545
2026-01-09,7:07 pm,Guelph Storm,0,Barrie Colts,0,28540
2026-01-09,7:07 pm,Soo Greyhounds,0,Ottawa 67's,0,28544
2026-01-10,4:00 pm,London Knights,0,Erie Otters,0,28548
2026-01-10,7:00 pm,Flint Firebirds,0,Kingston Frontenacs,0,28547
2026-01-10,7:00 pm,Owen Sound Attack,0,Kitchener Rangers,0,28549
2026-01-10,7:05 pm,Peterborough Petes,0,Guelph Storm,0,28550
2026-01-10,7:05 pm,Saginaw Spirit,0,Windsor Spitfires,0,28551
2026-01-10,7:07 pm,Soo Greyhounds,0,Niagara IceDogs,0,28552
2026-01-10,7:30 pm,Barrie Colts,0,Brampton Steelheads,0,28546
2026-01-11,2:05 pm,Sarnia Sting,0,Kingston Frontenacs,0,28554
2026-01-11,2:05 pm,Sudbury Wolves,0,Ottawa 67's,0,28555
2026-01-11,4:05 pm,Windsor Spitfires,0,Brantford Bulldogs,0,28556
2026-01-11,6:05 pm,Oshawa Generals,0,Barrie Colts,0,28553
2026-01-15,7:00 pm,Barrie Colts,0,Flint Firebirds,0,28557
2026-01-15,7:00 pm,Niagara IceDogs,0,Guelph Storm,0,28558
2026-01-15,7:00 pm,North Bay Battalion,0,Sudbury Wolves,0,28559
2026-01-15,7:05 pm,Sarnia Sting,0,Soo Greyhounds,0,28560
2026-01-16,7:00 pm,Brantford Bulldogs,0,Peterborough Petes,0,28561
2026-01-16,7:00 pm,Erie Otters,0,Windsor Spitfires,0,28562
2026-01-16,7:00 pm,Kitchener Rangers,0,Saginaw Spirit,0,28565
2026-01-16,7:00 pm,Ottawa 67's,0,Gatineau Olympiques,0,28567
2026-01-16,7:05 pm,Kingston Frontenacs,0,Brampton Steelheads,0,28564
2026-01-16,7:05 pm,Oshawa Generals,0,North Bay Battalion,0,28566
2026-01-16,7:05 pm,Sarnia Sting,0,London Knights,0,28568
2026-01-16,7:05 pm,Sudbury Wolves,0,Flint Firebirds,0,28569
2026-01-16,7:07 pm,Guelph Storm,0,Soo Greyhounds,0,28563
2026-01-17,4:00 pm,Brampton Steelheads,0,Windsor Spitfires,0,28571
2026-01-17,4:00 pm,Brantford Bulldogs,0,Kingston Frontenacs,0,28572
2026-01-17,4:00 pm,Gatineau Olympiques,0,Ottawa 67's,0,28574
2026-01-17,4:00 pm,Owen Sound Attack,0,London Knights,0,28575
2026-01-17,7:00 pm,Erie Otters,0,Saginaw Spirit,0,28573
2026-01-17,7:05 pm,Peterborough Petes,0,Niagara IceDogs,0,28576
2026-01-17,7:30 pm,Barrie Colts,0,Oshawa Generals,0,28570
2026-01-18,2:00 pm,Kitchener Rangers,0,Guelph Storm,0,28577
2026-01-18,2:00 pm,Niagara IceDogs,0,Brantford Bulldogs,0,28578
2026-01-18,2:00 pm,North Bay Battalion,0,Flint Firebirds,0,28579
2026-01-18,2:00 pm,Owen Sound Attack,0,Barrie Colts,0,28582
2026-01-18,2:05 pm,Sudbury Wolves,0,Rouyn-Noranda Huskies,0,28583
2026-01-18,3:00 pm,Ottawa 67's,0,Peterborough Petes,0,28581
2026-01-18,6:05 pm,Oshawa Generals,0,Brampton Steelheads,0,28580
2026-01-21,7:05 pm,Windsor Spitfires,0,Kitchener Rangers,0,28585
2026-01-21,7:07 pm,Soo Greyhounds,0,London Knights,0,28584
2026-01-22,7:00 pm,Niagara IceDogs,0,Barrie Colts,0,28586
2026-01-22,7:00 pm,North Bay Battalion,0,Brantford Bulldogs,0,28587
2026-01-22,7:05 pm,Peterborough Petes,0,Saginaw Spirit,0,28588
2026-01-23,7:00 pm,Kitchener Rangers,0,Owen Sound Attack,0,28591
2026-01-23,7:00 pm,London Knights,0,Sarnia Sting,0,28592
2026-01-23,7:05 pm,Kingston Frontenacs,0,Saginaw Spirit,0,28590
2026-01-23,7:05 pm,Sudbury Wolves,0,Brantford Bulldogs,0,28593
2026-01-23,7:05 pm,Windsor Spitfires,0,Flint Firebirds,0,28594
2026-01-23,7:07 pm,Guelph Storm,0,Erie Otters,0,28589
2026-01-24,3:00 pm,Ottawa 67's,0,Oshawa Generals,0,28598
2026-01-24,7:00 pm,Erie Otters,0,Kitchener Rangers,0,28596
2026-01-24,7:00 pm,Flint Firebirds,0,Windsor Spitfires,0,28597
2026-01-24,7:00 pm,Owen Sound Attack,0,Niagara IceDogs,0,28599
2026-01-24,7:05 pm,Sarnia Sting,0,Peterborough Petes,0,28600
2026-01-24,7:07 pm,Soo Greyhounds,0,North Bay Battalion,0,28601
2026-01-24,7:30 pm,Barrie Colts,0,Brampton Steelheads,0,28595
2026-01-25,2:00 pm,Brantford Bulldogs,0,Barrie Colts,0,28602
2026-01-25,2:00 pm,London Knights,0,Peterborough Petes,0,28603
2026-01-25,2:00 pm,Niagara IceDogs,0,Brampton Steelheads,0,28604
2026-01-25,2:07 pm,Soo Greyhounds,0,North Bay Battalion,0,28608
2026-01-25,3:00 pm,Ottawa 67's,0,Saginaw Spirit,0,28606
2026-01-25,4:00 pm,Rouyn-Noranda Huskies,0,Sudbury Wolves,0,28607
2026-01-25,6:05 pm,Oshawa Generals,0,Kingston Frontenacs,0,28605
2026-01-27,7:00 pm,Kitchener Rangers,0,Sarnia Sting,0,28609
2026-01-28,7:00 pm,Owen Sound Attack,0,Kitchener Rangers,0,28610
2026-01-29,7:00 pm,Niagara IceDogs,0,Soo Greyhounds,0,28611
2026-01-29,7:05 pm,Peterborough Petes,0,Sudbury Wolves,0,28612
2026-01-29,7:05 pm,Windsor Spitfires,0,North Bay Battalion,0,28613
2026-01-30,7:00 pm,Brantford Bulldogs,0,Owen Sound Attack,0,28614
2026-01-30,7:00 pm,Erie Otters,0,Soo Greyhounds,0,28615
2026-01-30,7:00 pm,Flint Firebirds,0,Barrie Colts,0,28616
2026-01-30,7:00 pm,Kitchener Rangers,0,Windsor Spitfires,0,28619
2026-01-30,7:00 pm,London Knights,0,North Bay Battalion,0,28620
2026-01-30,7:00 pm,Ottawa 67's,0,Peterborough Petes,0,28622
2026-01-30,7:05 pm,Kingston Frontenacs,0,Sudbury Wolves,0,28618
2026-01-30,7:05 pm,Oshawa Generals,0,Niagara IceDogs,0,28621
2026-01-30,7:05 pm,Sarnia Sting,0,Saginaw Spirit,0,28623
2026-01-30,7:07 pm,Guelph Storm,0,Brampton Steelheads,0,28617
2026-01-31,4:00 pm,Brampton Steelheads,0,Oshawa Generals,0,28624
2026-01-31,7:00 pm,Erie Otters,0,London Knights,0,28625
2026-01-31,7:00 pm,Flint Firebirds,0,Sarnia Sting,0,28626
2026-01-31,7:00 pm,Owen Sound Attack,0,Guelph Storm,0,28627
2026-01-31,7:05 pm,Saginaw Spirit,0,Barrie Colts,0,28628
2026-02-01,1:00 pm,Kingston Frontenacs,0,Peterborough Petes,0,28630
2026-02-01,2:00 pm,Brantford Bulldogs,0,Soo Greyhounds,0,28629
2026-02-01,3:00 pm,Ottawa 67's,0,Sudbury Wolves,0,28633
2026-02-01,4:00 pm,Niagara IceDogs,0,North Bay Battalion,0,28631
2026-02-01,6:05 pm,Oshawa Generals,0,Brampton Steelheads,0,28632
2026-02-01,7:00 pm,Windsor Spitfires,0,Sarnia Sting,0,28634
2026-02-04,6:30 pm,London Knights,0,Kitchener Rangers,0,28636
2026-02-04,7:00 pm,Brantford Bulldogs,0,Kingston Frontenacs,0,28635
2026-02-04,7:05 pm,Saginaw Spirit,0,Soo Greyhounds,0,28637
2026-02-04,7:05 pm,Sarnia Sting,0,Flint Firebirds,0,28638
2026-02-05,11:00 am,Erie Otters,0,Guelph Storm,0,28639
2026-02-05,7:00 pm,North Bay Battalion,0,Windsor Spitfires,0,28640
2026-02-05,7:05 pm,Peterborough Petes,0,Owen Sound Attack,0,28641
2026-02-06,7:00 pm,Brampton Steelheads,0,Barrie Colts,0,28642
2026-02-06,7:00 pm,Kitchener Rangers,0,Guelph Storm,0,28644
2026-02-06,7:00 pm,London Knights,0,Niagara IceDogs,0,28645
2026-02-06,7:05 pm,Kingston Frontenacs,0,Owen Sound Attack,0,28643
2026-02-06,7:05 pm,Oshawa Generals,0,Sarnia Sting,0,28646
2026-02-06,7:05 pm,Saginaw Spirit,0,Erie Otters,0,28647
2026-02-06,7:05 pm,Sudbury Wolves,0,Windsor Spitfires,0,28649
2026-02-06,7:07 pm,Soo Greyhounds,0,Flint Firebirds,0,28648
2026-02-07,3:00 pm,Ottawa 67's,0,Brantford Bulldogs,0,28654
2026-02-07,4:00 pm,Brampton Steelheads,0,Sarnia Sting,0,28651
2026-02-07,7:00 pm,Flint Firebirds,0,Erie Otters,0,28652
2026-02-07,7:00 pm,Niagara IceDogs,0,Kitchener Rangers,0,28653
2026-02-07,7:05 pm,Peterborough Petes,0,Sudbury Wolves,0,28655
2026-02-07,7:05 pm,Saginaw Spirit,0,London Knights,0,28656
2026-02-07,7:30 pm,Barrie Colts,0,North Bay Battalion,0,28650
2026-02-08,2:00 pm,North Bay Battalion,0,Barrie Colts,0,28658
2026-02-08,2:05 pm,Kingston Frontenacs,0,Brantford Bulldogs,0,28657
2026-02-08,2:05 pm,Oshawa Generals,0,Sudbury Wolves,0,28659
2026-02-08,2:07 pm,Soo Greyhounds,0,Windsor Spitfires,0,28661
2026-02-08,3:00 pm,Ottawa 67's,0,Owen Sound Attack,0,28660
2026-02-10,7:00 pm,Kitchener Rangers,0,London Knights,0,28662
2026-02-11,6:30 pm,London Knights,0,Guelph Storm,0,28665
2026-02-11,7:00 pm,Erie Otters,0,Owen Sound Attack,0,28663
2026-02-11,7:00 pm,Flint Firebirds,0,Saginaw Spirit,0,28664
2026-02-11,7:00 pm,Ottawa 67's,0,Oshawa Generals,0,28666
2026-02-11,7:07 pm,Soo Greyhounds,0,Sudbury Wolves,0,28667
2026-02-12,7:00 pm,Barrie Colts,0,Kingston Frontenacs,0,28668
2026-02-12,7:00 pm,Niagara IceDogs,0,Owen Sound Attack,0,28669
2026-02-12,7:00 pm,North Bay Battalion,0,Brampton Steelheads,0,28670
2026-02-12,7:05 pm,Peterborough Petes,0,Ottawa 67's,0,28671
2026-02-12,7:05 pm,Windsor Spitfires,0,Sarnia Sting,0,28672
2026-02-13,7:00 pm,Brantford Bulldogs,0,Erie Otters,0,28673
2026-02-13,7:00 pm,London Knights,0,Soo Greyhounds,0,28676
2026-02-13,7:05 pm,Kingston Frontenacs,0,Kitchener Rangers,0,28675
2026-02-13,7:05 pm,Oshawa Generals,0,Peterborough Petes,0,28677
2026-02-13,7:05 pm,Sarnia Sting,0,Saginaw Spirit,0,28678
2026-02-13,7:05 pm,Sudbury Wolves,0,Brampton Steelheads,0,28679
2026-02-13,7:07 pm,Guelph Storm,0,Flint Firebirds,0,28674
2026-02-14,3:00 pm,Ottawa 67's,0,Kitchener Rangers,0,28682
2026-02-14,4:00 pm,Brantford Bulldogs,0,Guelph Storm,0,28680
2026-02-14,7:00 pm,Erie Otters,0,Flint Firebirds,0,28681
2026-02-14,7:00 pm,Owen Sound Attack,0,Soo Greyhounds,0,28683
2026-02-14,7:05 pm,Saginaw Spirit,0,Windsor Spitfires,0,28684
2026-02-15,2:00 pm,North Bay Battalion,0,Niagara IceDogs,0,28685
2026-02-16,2:00 pm,Brampton Steelheads,0,North Bay Battalion,0,28686
2026-02-16,2:00 pm,London Knights,0,Owen Sound Attack,0,28689
2026-02-16,2:05 pm,Kingston Frontenacs,0,Brantford Bulldogs,0,28688
2026-02-16,2:05 pm,Oshawa Generals,0,Flint Firebirds,0,28690
2026-02-16,2:05 pm,Peterborough Petes,0,Kitchener Rangers,0,28692
2026-02-16,2:05 pm,Sarnia Sting,0,Soo Greyhounds,0,28693
2026-02-16,2:05 pm,Sudbury Wolves,0,Niagara IceDogs,0,28694
2026-02-16,2:05 pm,Windsor Spitfires,0,Saginaw Spirit,0,28695
2026-02-16,2:07 pm,Guelph Storm,0,Erie Otters,0,28687
2026-02-16,3:00 pm,Ottawa 67's,0,Barrie Colts,0,28691
2026-02-18,7:00 pm,Brantford Bulldogs,0,Oshawa Generals,0,28696
2026-02-18,7:05 pm,Sarnia Sting,0,Guelph Storm,0,28697
2026-02-19,7:00 pm,Barrie Colts,0,Owen Sound Attack,0,28698
2026-02-19,7:05 pm,Peterborough Petes,0,North Bay Battalion,0,28699
2026-02-19,7:05 pm,Saginaw Spirit,0,Sudbury Wolves,0,28700
2026-02-20,7:00 pm,Brampton Steelheads,0,Peterborough Petes,0,28701
2026-02-20,7:00 pm,Erie Otters,0,Oshawa Generals,0,28702
2026-02-20,7:00 pm,Kitchener Rangers,0,Windsor Spitfires,0,28704
2026-02-20,7:00 pm,London Knights,0,Barrie Colts,0,28705
2026-02-20,7:00 pm,Ottawa 67's,0,Niagara IceDogs,0,28706
2026-02-20,7:05 pm,Kingston Frontenacs,0,North Bay Battalion,0,28703
2026-02-20,7:07 pm,Soo Greyhounds,0,Sarnia Sting,0,28707
2026-02-21,4:05 pm,Kingston Frontenacs,0,Niagara IceDogs,0,28711
2026-02-21,7:00 pm,Erie Otters,0,Kitchener Rangers,0,28709
2026-02-21,7:00 pm,Flint Firebirds,0,Sudbury Wolves,0,28710
2026-02-21,7:00 pm,Owen Sound Attack,0,Brampton Steelheads,0,28712
2026-02-21,7:05 pm,Saginaw Spirit,0,Sarnia Sting,0,28713
2026-02-21,7:07 pm,Soo Greyhounds,0,Guelph Storm,0,28714
2026-02-21,7:30 pm,Barrie Colts,0,Brantford Bulldogs,0,28708
2026-02-22,2:00 pm,London Knights,0,Sudbury Wolves,0,28715
2026-02-22,2:05 pm,Peterborough Petes,0,Brantford Bulldogs,0,28718
2026-02-22,3:00 pm,Ottawa 67's,0,North Bay Battalion,0,28717
2026-02-22,4:05 pm,Windsor Spitfires,0,Flint Firebirds,0,28720
2026-02-22,5:30 pm,Saginaw Spirit,0,Guelph Storm,0,28719
2026-02-22,6:05 pm,Oshawa Generals,0,Kingston Frontenacs,0,28716
2026-02-25,6:37 pm,Guelph Storm,0,Kitchener Rangers,0,28722
2026-02-25,7:00 pm,Brantford Bulldogs,0,Brampton Steelheads,0,28721
2026-02-25,7:00 pm,Owen Sound Attack,0,Oshawa Generals,0,28723
2026-02-25,7:05 pm,Sudbury Wolves,0,Soo Greyhounds,0,28724
2026-02-26,7:00 pm,Niagara IceDogs,0,Erie Otters,0,28725
2026-02-26,7:00 pm,North Bay Battalion,0,Kingston Frontenacs,0,28726
2026-02-26,7:05 pm,Saginaw Spirit,0,Ottawa 67's,0,28727
2026-02-26,7:05 pm,Windsor Spitfires,0,Peterborough Petes,0,28728
2026-02-27,7:00 pm,Brantford Bulldogs,0,Oshawa Generals,0,28729
2026-02-27,7:00 pm,Kitchener Rangers,0,Brampton Steelheads,0,28731
2026-02-27,7:00 pm,London Knights,0,Windsor Spitfires,0,28732
2026-02-27,7:05 pm,Sarnia Sting,0,Barrie Colts,0,28733
2026-02-27,7:05 pm,Sudbury Wolves,0,North Bay Battalion,0,28735
2026-02-27,7:07 pm,Guelph Storm,0,Niagara IceDogs,0,28730
2026-02-27,7:07 pm,Soo Greyhounds,0,Kingston Frontenacs,0,28734
2026-02-28,4:00 pm,Brampton Steelheads,0,London Knights,0,28736
2026-02-28,7:00 pm,Erie Otters,0,Owen Sound Attack,0,28737
2026-02-28,7:00 pm,Flint Firebirds,0,Ottawa 67's,0,28738
2026-02-28,7:05 pm,Saginaw Spirit,0,Peterborough Petes,0,28739
2026-02-28,7:05 pm,Windsor Spitfires,0,Barrie Colts,0,28740
2026-03-01,2:00 pm,Kitchener Rangers,0,London Knights,0,28743
2026-03-01,2:00 pm,North Bay Battalion,0,Niagara IceDogs,0,28744
2026-03-01,2:05 pm,Sarnia Sting,0,Ottawa 67's,0,28746
2026-03-01,2:05 pm,Sudbury Wolves,0,Kingston Frontenacs,0,28747
2026-03-01,4:00 pm,Erie Otters,0,Owen Sound Attack,0,28741
2026-03-01,4:00 pm,Flint Firebirds,0,Peterborough Petes,0,28742
2026-03-01,6:05 pm,Oshawa Generals,0,Guelph Storm,0,28745
2026-03-04,11:00 am,Brampton Steelheads,0,Barrie Colts,0,28748
2026-03-04,6:30 pm,London Knights,0,Guelph Storm,0,28750
2026-03-04,7:00 pm,Flint Firebirds,0,Soo Greyhounds,0,28749
2026-03-04,7:05 pm,Sarnia Sting,0,Kitchener Rangers,0,28751
2026-03-05,7:00 pm,Barrie Colts,0,Brantford Bulldogs,0,28752
2026-03-05,7:00 pm,Niagara IceDogs,0,Saginaw Spirit,0,28753
2026-03-05,7:00 pm,North Bay Battalion,0,Oshawa Generals,0,28754
2026-03-05,7:05 pm,Peterborough Petes,0,Ottawa 67's,0,28755
2026-03-06,7:00 pm,Brantford Bulldogs,0,Saginaw Spirit,0,28756
2026-03-06,7:00 pm,Kitchener Rangers,0,Soo Greyhounds,0,28759
2026-03-06,7:00 pm,London Knights,0,Erie Otters,0,28760
2026-03-06,7:00 pm,Niagara IceDogs,0,Peterborough Petes,0,28761
2026-03-06,7:05 pm,Kingston Frontenacs,0,Brampton Steelheads,0,28758
2026-03-06,7:05 pm,Sarnia Sting,0,Flint Firebirds,0,28762
2026-03-06,7:05 pm,Sudbury Wolves,0,Oshawa Generals,0,28763
2026-03-06,7:07 pm,Guelph Storm,0,Owen Sound Attack,0,28757
2026-03-07,3:00 pm,Ottawa 67's,0,Brampton Steelheads,0,28768
2026-03-07,4:07 pm,Guelph Storm,0,Soo Greyhounds,0,28767
2026-03-07,7:00 pm,Erie Otters,0,London Knights,0,28765
2026-03-07,7:00 pm,Flint Firebirds,0,Windsor Spitfires,0,28766
2026-03-07,7:00 pm,Owen Sound Attack,0,Sarnia Sting,0,28769
2026-03-07,7:30 pm,Barrie Colts,0,North Bay Battalion,0,28764
2026-03-08,2:00 pm,Brantford Bulldogs,0,Niagara IceDogs,0,28770
2026-03-08,2:00 pm,North Bay Battalion,0,Sudbury Wolves,0,28773
2026-03-08,2:05 pm,Kingston Frontenacs,0,Oshawa Generals,0,28772
2026-03-08,3:00 pm,Ottawa 67's,0,Peterborough Petes,0,28774
2026-03-08,4:00 pm,Erie Otters,0,Saginaw Spirit,0,28771
2026-03-08,4:05 pm,Windsor Spitfires,0,Kitchener Rangers,0,28775
2026-03-11,7:05 pm,Oshawa Generals,0,Sudbury Wolves,0,28776
2026-03-12,7:00 pm,Barrie Colts,0,Ottawa 67's,0,28777
2026-03-12,7:00 pm,Niagara IceDogs,0,Kingston Frontenacs,0,28778
2026-03-12,7:00 pm,North Bay Battalion,0,Brantford Bulldogs,0,28779
2026-03-12,7:05 pm,Peterborough Petes,0,Oshawa Generals,0,28780
